student_id,course_id,semester,process_score,final_score
2201001,GE101,2024-1,8.5,8.6
2201001,GE102,2024-1,7.4,6.9
2201001,CS101,2024-1,7.9,7.8
2201001,CS102,2024-2,7.9,9.2
2201001,CS201,2024-2,9,7.4
2201001,CS202,2025-1,6.9,8.3
2201002,GE101,2024-1,8.8,7.3
2201002,GE102,2024-1,7.6,7.7
2201002,CS101,2024-1,8.2,6.5
2201002,CS102,2024-2,7.1,6.5
2201002,CS201,2024-2,8,6.7
2201002,CS202,2025-1,7,8.2
2201003,GE101,2024-1,9.7,9.3
2201003,GE102,2024-1,8.9,9.7
2201003,CS101,2024-1,8.4,9
2201003,CS102,2024-2,10,10
2201003,CS201,2024-2,9.5,9.7
2201003,CS202,2025-1,10,7.5
2201004,GE101,2024-1,10,10
2201004,GE102,2024-1,9.1,8.9
2201004,CS101,2024-1,10,9
2201004,CS102,2024-2,9.7,8
2201004,CS201,2024-2,9.9,6.9
2201004,CS202,2025-1,9.8,8.5
2201005,GE101,2024-1,3.8,4.3
2201005,GE102,2024-1,4.2,3.8
2201005,CS101,2024-1,3.5,4
2201005,CS102,2024-2,3.9,4.2
2201005,CS201,2024-2,4.3,4.2
2201005,CS202,2025-1,4.1,3.7
2201005,CS101,2025-1,6.7,5.2
2201006,GE101,2024-1,7.4,9
2201006,GE102,2024-1,8.5,8.8
2201006,CS101,2024-1,8.6,6.7
2201006,CS102,2024-2,8.2,6.4
2201006,CS201,2024-2,8.6,8
2201006,CS202,2025-1,8.1,6.8
2201007,GE101,2024-1,7.6,7.3
2201007,GE102,2024-1,7,7.9
2201007,CS101,2024-1,7.4,7.3
2201007,CS102,2024-2,7.9,6.9
2201007,CS201,2024-2,6.5,7.2
2201007,CS202,2025-1,8.3,7.1
2201008,GE101,2024-1,9.1,8.7
2201008,GE102,2024-1,8.9,9.1
2201008,CS101,2024-1,7.5,7.1
2201008,CS102,2024-2,8.2,7.7
2201008,CS201,2024-2,8.5,6.7
2201008,CS202,2025-1,8.3,7.9
2201009,GE101,2024-1,7.8,8.5
2201009,GE102,2024-1,8.1,7.3
2201009,CS101,2024-1,8.6,6.8
2201009,CS102,2024-2,7.3,8.8
2201009,CS201,2024-2,9.5,7.1
2201009,CS202,2025-1,7.5,8.1
2201010,GE101,2024-1,4.3,2.9
2201010,GE102,2024-1,4.4,2.6
2201010,CS101,2024-1,4,4.2
2201010,CS102,2024-2,3.1,3.9
2201010,CS201,2024-2,4.8,2.3
2201010,CS202,2025-1,5,4.6
2201010,GE101,2025-1,7.5,6.1
2201010,GE102,2025-1,7.3,7.5
2201010,CS102,2025-1,6.9,6.9
2201010,CS201,2025-1,7.6,7.4
2201011,GE101,2024-1,7.6,7.4
2201011,GE102,2024-1,7.7,6.7
2201011,CS101,2024-1,8.3,7.3
2201011,CS102,2024-2,9.2,8.7
2201011,CS201,2024-2,7.8,8
2201011,CS202,2025-1,8.5,7.4
2201012,GE101,2024-1,5.8,7.2
2201012,GE102,2024-1,6.5,6
2201012,CS101,2024-1,6.7,6.9
2201012,CS102,2024-2,6.3,6.6
2201012,CS201,2024-2,8.5,7.2
2201012,CS202,2025-1,7,7.2
2201013,GE101,2024-1,7,6.1
2201013,GE102,2024-1,6.1,5.2
2201013,CS101,2024-1,7.1,6.7
2201013,CS102,2024-2,6.3,7
2201013,CS201,2024-2,6.5,3.9
2201013,CS202,2025-1,6.4,5.2
2201014,GE101,2024-1,7.6,6.3
2201014,GE102,2024-1,5.9,7.5
2201014,CS101,2024-1,7.4,7.2
2201014,CS102,2024-2,7.8,7.8
2201014,CS201,2024-2,7.3,7.6
2201014,CS202,2025-1,6.7,7.2
2201015,GE101,2024-1,3.7,4.3
2201015,GE102,2024-1,5.6,3.8
2201015,CS101,2024-1,4.7,3.8
2201015,CS102,2024-2,4.1,2.9
2201015,CS201,2024-2,5.2,5
2201015,CS202,2025-1,3.5,5.5
2201015,CS102,2025-1,6.3,6.3
2201016,GE101,2024-1,9,9.6
2201016,GE102,2024-1,10,8.9
2201016,CS101,2024-1,9.1,10
2201016,CS102,2024-2,10,9.3
2201016,CS201,2024-2,8.8,8.1
2201016,CS202,2025-1,8.6,9.3
2201017,GE101,2024-1,7.8,8.9
2201017,GE102,2024-1,9.8,9
2201017,CS101,2024-1,8.1,6.9
2201017,CS102,2024-2,9.4,7.8
2201017,CS201,2024-2,9.3,9.1
2201017,CS202,2025-1,8.9,6.9
2201018,GE101,2024-1,8.3,7.4
2201018,GE102,2024-1,9.3,8.5
2201018,CS101,2024-1,8.9,7.5
2201018,CS102,2024-2,9.4,8.4
2201018,CS201,2024-2,9,9.4
2201018,CS202,2025-1,8.9,8.4
2201019,GE101,2024-1,8.2,8.8
2201019,GE102,2024-1,9.3,8.9
2201019,CS101,2024-1,9.4,8.7
2201019,CS102,2024-2,10,9.2
2201019,CS201,2024-2,8.8,10
2201019,CS202,2025-1,8.8,8.7
2201020,GE101,2024-1,3.5,2.9
2201020,GE102,2024-1,3.3,4.4
2201020,CS101,2024-1,4.3,4.4
2201020,CS102,2024-2,4.1,4.2
2201020,CS201,2024-2,2.6,3
2201020,CS202,2025-1,4,4.5
2201020,GE101,2025-1,7.8,6.5
2201020,CS201,2025-1,8.2,6.7
2202001,GE101,2024-1,7.7,6.8
2202001,GE102,2024-1,6.4,7.4
2202001,BA101,2024-1,7.5,5.4
2202001,BA102,2024-2,6.6,6.9
2202001,BA201,2024-2,6,6.5
2202001,BA202,2025-1,6.7,7.9
2202002,GE101,2024-1,9.4,8.7
2202002,GE102,2024-1,9.8,8
2202002,BA101,2024-1,9,8.5
2202002,BA102,2024-2,9.9,9.9
2202002,BA201,2024-2,10,10
2202002,BA202,2025-1,9.7,10
2202003,GE101,2024-1,8.2,8.1
2202003,GE102,2024-1,7.1,6.6
2202003,BA101,2024-1,8.7,7.5
2202003,BA102,2024-2,7.7,8
2202003,BA201,2024-2,8.5,7.5
2202003,BA202,2025-1,8.3,8.8
2202004,GE101,2024-1,6.6,5.6
2202004,GE102,2024-1,6,5.6
2202004,BA101,2024-1,7.5,5.8
2202004,BA102,2024-2,7.9,6.1
2202004,BA201,2024-2,6.2,5.5
2202004,BA202,2025-1,7.5,7
2202005,GE101,2024-1,4.3,5
2202005,GE102,2024-1,4.3,4
2202005,BA101,2024-1,2.8,2.6
2202005,BA102,2024-2,3,4
2202005,BA201,2024-2,3.5,4.5
2202005,BA202,2025-1,4.2,1.3
2202005,BA101,2025-1,7,5.7
2202005,BA102,2025-1,7.9,7.3
2202006,GE101,2024-1,9.7,10
2202006,GE102,2024-1,9.6,10
2202006,BA101,2024-1,10,8.5
2202006,BA102,2024-2,8.9,8.5
2202006,BA201,2024-2,8.9,9.4
2202006,BA202,2025-1,9.1,7.4
2202007,GE101,2024-1,7.4,5.9
2202007,GE102,2024-1,6.8,5.1
2202007,BA101,2024-1,7.8,4.7
2202007,BA102,2024-2,8.5,6.1
2202007,BA201,2024-2,7.5,6
2202007,BA202,2025-1,7.1,6.5
2202008,GE101,2024-1,8.6,7.7
2202008,GE102,2024-1,7.5,8.4
2202008,BA101,2024-1,9.9,7.2
2202008,BA102,2024-2,9.8,6.6
2202008,BA201,2024-2,8.4,9.7
2202008,BA202,2025-1,7.9,7
2202009,GE101,2024-1,8,7
2202009,GE102,2024-1,6.3,6.9
2202009,BA101,2024-1,7.3,6.3
2202009,BA102,2024-2,7.5,8.3
2202009,BA201,2024-2,6.9,5.7
2202009,BA202,2025-1,6.7,8.6
2202010,GE101,2024-1,3.8,4
2202010,GE102,2024-1,4.1,3.4
2202010,BA101,2024-1,3.5,3.4
2202010,BA102,2024-2,3.7,2.5
2202010,BA201,2024-2,3.6,4.4
2202010,BA202,2025-1,4.8,4.8
2202010,GE101,2025-1,6.4,5.8
2202010,GE102,2025-1,7.6,7.1
2202010,BA101,2025-1,6.5,7.4
2202010,BA102,2025-1,8,5.6
2202011,GE101,2024-1,8.7,7.5
2202011,GE102,2024-1,9.3,9.5
2202011,BA101,2024-1,8.8,8.2
2202011,BA102,2024-2,8.6,7.5
2202011,BA201,2024-2,9.8,7.9
2202011,BA202,2025-1,8.5,9.2
2202012,GE101,2024-1,7.7,6.9
2202012,GE102,2024-1,7.6,6.1
2202012,BA101,2024-1,7.6,7.7
2202012,BA102,2024-2,6.8,7.3
2202012,BA201,2024-2,6.5,8.1
2202012,BA202,2025-1,7.7,7.5
2202013,GE101,2024-1,7,6.7
2202013,GE102,2024-1,5.8,5.9
2202013,BA101,2024-1,7.4,8
2202013,BA102,2024-2,7.6,6
2202013,BA201,2024-2,6.7,4.9
2202013,BA202,2025-1,6.8,7.4
2202014,GE101,2024-1,7.6,7.8
2202014,GE102,2024-1,7.5,8.3
2202014,BA101,2024-1,7.4,7.6
2202014,BA102,2024-2,7.4,7.1
2202014,BA201,2024-2,8.4,7.5
2202014,BA202,2025-1,8,8.3
2202015,GE101,2024-1,4.3,3
2202015,GE102,2024-1,4.7,4.3
2202015,BA101,2024-1,3.7,3
2202015,BA102,2024-2,3.7,4.1
2202015,BA201,2024-2,4.1,2.8
2202015,BA202,2025-1,3.7,4.6
2202015,GE101,2025-1,6.9,6.1
2202015,BA101,2025-1,7,5
2202015,BA102,2025-1,8.4,6.5
2202015,BA201,2025-1,7.3,7
2202016,GE101,2024-1,8.5,7.4
2202016,GE102,2024-1,8.7,6.9
2202016,BA101,2024-1,8.1,8.7
2202016,BA102,2024-2,9.1,8.2
2202016,BA201,2024-2,7.3,9.3
2202016,BA202,2025-1,6.8,8.9
2202017,GE101,2024-1,8.2,6.2
2202017,GE102,2024-1,7.1,7.1
2202017,BA101,2024-1,7.3,7.2
2202017,BA102,2024-2,8.4,6.1
2202017,BA201,2024-2,8.3,7.1
2202017,BA202,2025-1,7.2,6.8
2202018,GE101,2024-1,7.9,5.2
2202018,GE102,2024-1,8.9,6.4
2202018,BA101,2024-1,7.7,6.6
2202018,BA102,2024-2,7.1,6.4
2202018,BA201,2024-2,7.4,7.1
2202018,BA202,2025-1,8,6.5
2202019,GE101,2024-1,7.8,8.4
2202019,GE102,2024-1,8.1,7.9
2202019,BA101,2024-1,8.4,7.3
2202019,BA102,2024-2,8.6,6.9
2202019,BA201,2024-2,7.6,7.3
2202019,BA202,2025-1,9.6,8.3
2202020,GE101,2024-1,4.1,4.5
2202020,GE102,2024-1,3,4.3
2202020,BA101,2024-1,3.6,4
2202020,BA102,2024-2,3.7,2.2
2202020,BA201,2024-2,5,5
2202020,BA202,2025-1,5,2.5
2202020,GE102,2025-1,7.6,7.2
2202020,BA101,2025-1,6.5,5.4
2202020,BA102,2025-1,7.5,6.1
2201002,CS101,2025-1,11.5,8
2201003,CS202,2025-2,7,
2299999,CS101,2024-1,8,8
2202004,CS999,2024-1,6,7
2202005,BA202,2025-2,-1,6
2201001,GE101,2024-1,8.5,8.6
