student_id,full_name,gender,date_of_birth,class_id,faculty,enrollment_year,email
2201001,Bùi Quốc Hải,Male,2004-04-18,IT01,Information Technology,2022,hai.2201001@example.edu.vn
2201002,Nguyễn Mai Vy,Female,2004-09-04,IT01,Information Technology,2022,vy.2201002@example.edu.vn
2201003,Võ Hoàng Bình,Male,2004-11-23,IT01,Information Technology,2022,binh.2201003@example.edu.vn
2201004,Hoàng Văn Tuấn,Male,2004-10-10,IT01,Information Technology,2022,tuan.2201004@example.edu.vn
2201005,Trần Thị Lan,Female,2004-06-08,IT01,Information Technology,2022,lan.2201005@example.edu.vn
2201006,Phạm Ngọc Vy,Female,2004-11-10,IT01,Information Technology,2022,vy.2201006@example.edu.vn
2201007,Trần Văn Cường,Male,2004-09-18,IT01,Information Technology,2022,cuong.2201007@example.edu.vn
2201008,Lê Văn Bình,Male,2004-12-16,IT01,Information Technology,2022,binh.2201008@example.edu.vn
2201009,Đỗ Thu Anh,Female,2004-04-10,IT01,Information Technology,2022,anh.2201009@example.edu.vn
2201010,Trần Đức Phúc,Male,2004-07-02,IT01,Information Technology,2022,phuc.2201010@example.edu.vn
2201011,Trần Hoàng Tuấn,Male,2004-07-15,IT02,Information Technology,2022,tuan.2201011@example.edu.vn
2201012,Bùi Đức Bình,Male,2004-08-15,IT02,Information Technology,2022,binh.2201012@example.edu.vn
2201013,Nguyễn Văn An,Male,2004-04-04,IT02,Information Technology,2022,an.2201013@example.edu.vn
2201014,Bùi Đức Phúc,Male,2004-04-08,IT02,Information Technology,2022,phuc.2201014@example.edu.vn
2201015,Bùi Bảo Trang,Female,2004-01-28,IT02,Information Technology,2022,trang.2201015@example.edu.vn
2201016,Đặng Thị Anh,Female,2004-01-05,IT02,Information Technology,2022,anh.2201016@example.edu.vn
2201017,Bùi Hoàng Long,Male,2004-03-19,IT02,Information Technology,2022,long.2201017@example.edu.vn
2201018,Đặng Minh Long,Male,2004-06-06,IT02,Information Technology,2022,long.2201018@example.edu.vn
2201019,Hoàng Thu Trang,Female,2004-09-19,IT02,Information Technology,2022,trang.2201019@example.edu.vn
2201020,Phạm Mai Trang,Female,2004-08-18,IT02,Information Technology,2022,trang.2201020@example.edu.vn
2202001,Đặng Quốc Khoa,Male,2004-06-27,BA01,Business Administration,2022,khoa.2202001@example.edu.vn
2202002,Phạm Thị Lan,Female,2004-04-08,BA01,Business Administration,2022,lan.2202002@example.edu.vn
2202003,Huỳnh Hoàng Bình,Male,2004-11-14,BA01,Business Administration,2022,binh.2202003@example.edu.vn
2202004,Hoàng Đức Cường,Male,2004-08-13,BA01,Business Administration,2022,cuong.2202004@example.edu.vn
2202005,Bùi Thị Hương,Female,2004-02-20,BA01,Business Administration,2022,huong.2202005@example.edu.vn
2202006,Trần Thu Linh,Female,2004-04-28,BA01,Business Administration,2022,linh.2202006@example.edu.vn
2202007,Nguyễn Minh Khoa,Male,2004-02-20,BA01,Business Administration,2022,khoa.2202007@example.edu.vn
2202008,Đặng Bảo Vy,Female,2004-02-20,BA01,Business Administration,2022,vy.2202008@example.edu.vn
2202009,Đặng Thu Hà,Female,2004-04-20,BA01,Business Administration,2022,ha.2202009@example.edu.vn
2202010,Phạm Văn Long,Male,2004-11-15,BA01,Business Administration,2022,long.2202010@example.edu.vn
2202011,Đặng Văn Nam,Male,2004-05-08,BA02,Business Administration,2022,nam.2202011@example.edu.vn
2202012,Võ Hoàng Cường,Male,2004-11-08,BA02,Business Administration,2022,cuong.2202012@example.edu.vn
2202013,Đỗ Thị Ngân,Female,2004-02-05,BA02,Business Administration,2022,ngan.2202013@example.edu.vn
2202014,Huỳnh Đức Cường,Male,2004-10-25,BA02,Business Administration,2022,cuong.2202014@example.edu.vn
2202015,Bùi Ngọc Ngân,Female,2004-07-11,BA02,Business Administration,2022,ngan.2202015@example.edu.vn
2202016,Nguyễn Bảo Hà,Female,2004-11-25,BA02,Business Administration,2022,ha.2202016@example.edu.vn
2202017,Đặng Thu My,Female,2004-10-01,BA02,Business Administration,2022,my.2202017@example.edu.vn
2202018,Huỳnh Bảo Chi,Female,2004-08-21,BA02,Business Administration,2022,chi.2202018@example.edu.vn
2202019,Võ Hoàng Dũng,Male,2004-07-18,BA02,Business Administration,2022,dung.2202019@example.edu.vn
2202020,Bùi Quốc Phúc,Male,2004-12-15,BA02,Business Administration,2022,phuc.2202020@example.edu.vn
2201001,Duplicate Row,Male,2004-04-18,IT01,Information Technology,2022,hai.2201001@example.edu.vn
